{
  "array": [
    {
      "index": 2,
      "time": 1562658342,
      "locations": "Location[gps 10.998380,76.945564 hAcc=12 et=+1h49m25s948ms alt=347.82818603515625 vel=0.0 vAcc=6 sAcc=0 bAcc=??? {mParcelledData.dataSize]}]",
      "nounce": 3488,
      "prehash": "8eacf615b71da42aeef2708a659e5440f28c6f57"
    },

    {
      "index": 3,
      "time": 1562658349,
      "nounce": 57,
      "prehash": "4914ecea9642e53ab3cdac284490357e52c837f5"
    },

    {
      "index": 4,
      "time": 1562658356,
      "nounce": 1099,
      "prehash": "ba761a01e77674362eb6e238dff3f614f1e27ad0"
    },

    {
      "index": 5,
      "time": 1562658360,
      "nounce": 139,
      "prehash": "efe8c465f06b665f71a31f087ae3db689fb8597a"
    }
  ]
}
